﻿{"cameraMode":{"drawMode":0,"name":"Shaded","section":"Shading Mode"},"sceneLighting":true,"audioPlay":false,"sceneViewState":{"showFog":true,"showMaterialUpdate":false,"showSkybox":true,"showFlares":true,"showImageEffects":true,"showParticleSystems":true},"in2DMode":false,"pivot":{"x":519.2410888671875,"y":128.92091369628907,"z":223.75071716308595},"rotation":{"x":0.1550329476594925,"y":-0.02163289301097393,"z":0.0034003444015979769,"w":0.9876786470413208},"size":690.859130859375,"orthographic":false}